INSERT INTO Customer (ssn, fname, lname, phone, address) 
VALUES
('111111111', 	'Andrew', 	'Le', 		'1111111111', 	'12 Main St, Sacramento, CA 95255'			),
('222222222', 	'Travis', 	'Tran', 	'2222222222', 	'45 Davis Rd, Stockton, CA 95209'			),
('333333333', 	'Matthew', 	'Nguyen', 	'3333333333', 	'51 Laguna Oaks Dr, Sacramento, CA 95255'	),
('444444444', 	'John', 	'Smith', 	'4444444444', 	'44 Whistler St, Stockton, CA 95209'		),
('555555555', 	'Zeshawn', 	'Evans', 	'5555555555', 	'11 Vine St, Lodi, CA 95209'				),
('653298653', 	'Richard', 	'Marini', 	'1234567890', 	'98 Oak Forest St, Katy, TX 77493'			);
INSERT INTO Account (acc_no, balance, open_date, atype) 
VALUES
('1', 			'10000', 	'1234-12-12', 	'Checking'	),
('2', 			'11111', 	'1234-12-12', 	'Savings'	),
('3', 			'22222', 	'1234-12-12', 	'Checking'	),
('4', 			'1', 		'1234-12-12', 	'Savings'	),
('5', 			'2', 		'1234-12-12', 	'Checking'	),
('6', 			'3', 		'1234-12-12', 	'Savings'	),
('7', 			'111', 		'1234-12-12', 	'Checking'	),
('8', 			'222', 		'1234-12-12', 	'Savings'	),
('9', 			'33', 		'1234-12-12', 	'Checking'	),
('10', 			'44', 		'1234-12-12', 	'Savings'	),
('11', 			'55', 		'1234-12-12', 	'Checking'	),
('000000001', 	'55', 		'1234-12-12', 	'Savings'	);
INSERT INTO Owns (ssn, acc_no, own_date) 
VALUES
('111111111', 	'1', 			'1234-12-12'	),
('222222222', 	'2', 			'1234-12-12'	),
('333333333', 	'3', 			'1234-12-12'	),
('222222222', 	'3', 			'1234-12-12'	),
('333333333', 	'2', 			'1234-12-12'	),
('444444444', 	'4', 			'1234-12-12'	),
('555555555', 	'5', 			'1234-12-12'	),
('653298653', 	'6', 			'1234-12-12'	),
('111111111', 	'7', 			'1234-12-12'	),
('111111111', 	'8', 			'1234-12-12'	),
('222222222', 	'9', 			'1234-12-12'	),
('333333333', 	'10', 			'1234-12-12'	),
('444444444', 	'11', 			'1234-12-12'	),
('333333333', 	'000000001', 	'1234-12-12'	),
('555555555', 	'000000001', 	'1234-12-12'	),
('653298653', 	'000000001', 	'1234-12-12'	);
INSERT INTO Loan (loan_no, amount, ltype) 
VALUES
('1', 	'3000', 	'Mortgage'	),
('2', 	'11000', 	'Auto'		),
('3', 	'1000', 	'Student'	),
('4', 	'44444', 	'Personal'	),
('5', 	'20000', 	'Mortgage'	),
('6', 	'415177', 	'Mortgage'	),
('7', 	'76542', 	'Student'	);
INSERT INTO Payment (loan_no, payment_no, amount, method, status, due_date) 
VALUES
('1', 	'1', 	'1234', 'not know', 'not paid', 	'1234-12-12'	),
('2', 	'2', 	'12', 	'Check', 	'Paid', 		'1234-12-12'	),
('3', 	'3', 	'34', 	'not know', 'not paid', 	'1234-12-12'	),
('4', 	'4', 	'234', 	'Check', 	'Paid', 		'1234-12-12'	),
('5', 	'5', 	'124', 	'not know', 'not paid', 	'1234-12-12'	),
('6', 	'6', 	'15', 	'Check', 	'Paid', 		'1234-12-12'	),
('7', 	'7', 	'124', 	'not know', 'not paid', 	'1234-12-12'	);
INSERT INTO Borrows (ssn, loan_no) 
VALUES
('111111111', 	'1'	),
('222222222', 	'3'	),
('333333333', 	'5'	),
('444444444', 	'2'	),
('444444444', 	'4'	),
('555555555', 	'6'	),
('653298653', 	'7'	);